<?xml version = '1.0' encoding = 'UTF-8'?>
<relationalModel class="oracle.dbtools.crest.model.design.relational.RelationalDesign" name="Relational_1" id="16853045-1E47-D793-0052-B20C646FE240" mainViewID="24B44158-0A29-AB2C-3F5D-44E6090A66A3">
<createdBy>User</createdBy>
<createdTime>2022-10-04 23:52:50 UTC</createdTime>
<ownerDesignName>Modelagem_Banco_de_Dados</ownerDesignName>
<shouldBeOpen>false</shouldBeOpen>
<selectedRDBMSSite>32076570-2523-435C-2E92-BF29817DFF70</selectedRDBMSSite>
</relationalModel>
