<?xml version = '1.0' encoding = 'UTF-8'?>
<Diagram class="oracle.dbtools.crest.swingui.relational.DPVRelational" name="Relational_1" id="24B44158-0A29-AB2C-3F5D-44E6090A66A3">
<createdBy>User</createdBy>
<modifiedBy>User</modifiedBy>
<createdTime>2022-10-04 23:58:57 UTC</createdTime>
<autoRoute>false</autoRoute>
<boxInbox>true</boxInbox>
<showLegend>false</showLegend>
<showLabels>false</showLabels>
<showRelAttributes>false</showRelAttributes>
<gridEnabled>false</gridEnabled>
<showGrid>false</showGrid>
<diagramColor>-1</diagramColor>
<display>false</display>
<notation>1</notation>
<objectViews>
<OView class="oracle.dbtools.crest.swingui.relational.TVTable" oid="2B65C607-80D3-ED8A-9D81-912028D204B7" otype="Table" vid="27772E8E-1846-F090-AC0B-E80C9DE2953F">
<hideElementsInCurrentOnly>false</hideElementsInCurrentOnly>
<bounds x="329" y="20" width="252" height="135"/>
</OView>
<OView class="oracle.dbtools.crest.swingui.relational.TVTable" oid="90AB1E5A-445F-D86E-0CA9-083448037B81" otype="Table" vid="FDDCCF27-F42A-6177-0F55-867A99E6E224">
<hideElementsInCurrentOnly>false</hideElementsInCurrentOnly>
<bounds x="34" y="176" width="244" height="124"/>
</OView>
<OView class="oracle.dbtools.crest.swingui.relational.TVTable" oid="A1B5C4DD-86C8-33C3-0860-80D8B5366AE3" otype="Table" vid="D19B5237-AEE7-67D9-7DDC-707A4D92A205">
<hideElementsInCurrentOnly>false</hideElementsInCurrentOnly>
<bounds x="329" y="172" width="229" height="117"/>
</OView>
<OView class="oracle.dbtools.crest.swingui.relational.TVTable" oid="BE4B1BCB-36F6-2808-E7EA-1C1DE9CFAE7D" otype="Table" vid="879B5DB0-8C87-240D-D04F-AC56518B8D37">
<hideElementsInCurrentOnly>false</hideElementsInCurrentOnly>
<bounds x="608" y="23" width="226" height="122"/>
</OView>
<OView class="oracle.dbtools.crest.swingui.relational.TVTable" oid="FBF5B7A9-D24E-AF0B-FC94-1DE88B7458A2" otype="Table" vid="00C7AA1D-0BC1-7584-ABDC-074EC095DF15">
<hideElementsInCurrentOnly>false</hideElementsInCurrentOnly>
<bounds x="39" y="25" width="193" height="128"/>
</OView>
</objectViews>
</Diagram>
