<?xml version = '1.0' encoding = 'UTF-8'?>
<Table class="oracle.dbtools.crest.model.design.relational.Table" directorySegmentName="seg_0" id="2B65C607-80D3-ED8A-9D81-912028D204B7" name="T_LUZES">
<createdBy>User</createdBy>
<createdTime>2022-10-05 00:05:54 UTC</createdTime>
<ownerDesignName>Modelagem_Banco_de_Dados</ownerDesignName>
<ordsAlias>table_3</ordsAlias>
<allowColumnReorder>false</allowColumnReorder>
<existDependencyGenerateInDDl>true</existDependencyGenerateInDDl>
<parsed>true</parsed>
<columns itemClass="oracle.dbtools.crest.model.design.relational.Column">
<Column name="id" id="7195463F-4CD4-B399-10DF-871721A8E29E">
<createdBy>User</createdBy>
<createdTime>2022-10-05 00:06:17 UTC</createdTime>
<ownerDesignName>Modelagem_Banco_de_Dados</ownerDesignName>
<useDomainConstraints>false</useDomainConstraints>
<use>1</use>
<logicalDatatype>LOGDT019</logicalDatatype>
<ownDataTypeParameters>,,</ownDataTypeParameters>
<autoIncrementCycle>false</autoIncrementCycle>
</Column>
<Column name="nm_nome" id="48B7E506-C544-063E-66DD-85344B001342">
<createdBy>User</createdBy>
<createdTime>2022-10-05 00:06:30 UTC</createdTime>
<ownerDesignName>Modelagem_Banco_de_Dados</ownerDesignName>
<useDomainConstraints>false</useDomainConstraints>
<use>1</use>
<logicalDatatype>LOGDT025</logicalDatatype>
<dataTypeSize>30</dataTypeSize>
<ownDataTypeParameters>30,,</ownDataTypeParameters>
<autoIncrementCycle>false</autoIncrementCycle>
</Column>
<Column name="ds_modelo" id="5B924A9D-F312-05CB-AFE1-9C9FD1F95B75">
<createdBy>User</createdBy>
<createdTime>2022-10-05 00:06:46 UTC</createdTime>
<ownerDesignName>Modelagem_Banco_de_Dados</ownerDesignName>
<useDomainConstraints>false</useDomainConstraints>
<use>1</use>
<logicalDatatype>LOGDT025</logicalDatatype>
<dataTypeSize>15</dataTypeSize>
<ownDataTypeParameters>15,,</ownDataTypeParameters>
<autoIncrementCycle>false</autoIncrementCycle>
</Column>
<Column name="ds_tipo_dispositivo" id="F53CFF9F-2EA3-0A30-B639-D602EF62426A">
<createdBy>User</createdBy>
<createdTime>2022-10-05 00:07:04 UTC</createdTime>
<ownerDesignName>Modelagem_Banco_de_Dados</ownerDesignName>
<useDomainConstraints>false</useDomainConstraints>
<use>1</use>
<logicalDatatype>LOGDT025</logicalDatatype>
<dataTypeSize>30</dataTypeSize>
<ownDataTypeParameters>30,,</ownDataTypeParameters>
<autoIncrementCycle>false</autoIncrementCycle>
</Column>
<Column name="st_status" id="225DD38F-FF84-FFA9-65FB-57B1E7E4A513">
<createdBy>User</createdBy>
<createdTime>2022-10-05 00:07:13 UTC</createdTime>
<ownerDesignName>Modelagem_Banco_de_Dados</ownerDesignName>
<useDomainConstraints>false</useDomainConstraints>
<use>1</use>
<logicalDatatype>LOGDT006</logicalDatatype>
<dataTypeSize>1</dataTypeSize>
<ownDataTypeParameters>1,,</ownDataTypeParameters>
<autoIncrementCycle>false</autoIncrementCycle>
</Column>
</columns>
<indexes itemClass="oracle.dbtools.crest.model.design.relational.Index">
<ind_PK_UK id="09F68F1B-8CDF-D627-B2AA-ABB2B8FA4D26" name="T_LUZES_PK">
<createdBy>User</createdBy>
<createdTime>2022-10-05 00:06:17 UTC</createdTime>
<ownerDesignName>Modelagem_Banco_de_Dados</ownerDesignName>
<pk>true</pk>
<indexState>Primary Constraint</indexState>
<isSurrogateKey>false</isSurrogateKey>
<indexColumnUsage>
<colUsage columnID="7195463F-4CD4-B399-10DF-871721A8E29E"/>
</indexColumnUsage>
</ind_PK_UK>
</indexes>
</Table>
