<?xml version = '1.0' encoding = 'UTF-8'?>
<Table class="oracle.dbtools.crest.model.design.relational.Table" directorySegmentName="seg_0" id="BE4B1BCB-36F6-2808-E7EA-1C1DE9CFAE7D" name="T_ASSIST_PESSOAL">
<createdBy>User</createdBy>
<createdTime>2022-10-05 00:09:34 UTC</createdTime>
<ownerDesignName>Modelagem_Banco_de_Dados</ownerDesignName>
<ordsAlias>table_5</ordsAlias>
<allowColumnReorder>false</allowColumnReorder>
<existDependencyGenerateInDDl>true</existDependencyGenerateInDDl>
<parsed>true</parsed>
<columns itemClass="oracle.dbtools.crest.model.design.relational.Column">
<Column name="id" id="E693A7C8-8E54-BD28-9C62-758F6E9E2572">
<createdBy>User</createdBy>
<createdTime>2022-10-05 00:09:55 UTC</createdTime>
<ownerDesignName>Modelagem_Banco_de_Dados</ownerDesignName>
<useDomainConstraints>false</useDomainConstraints>
<use>1</use>
<logicalDatatype>LOGDT019</logicalDatatype>
<ownDataTypeParameters>,,</ownDataTypeParameters>
<autoIncrementCycle>false</autoIncrementCycle>
</Column>
<Column name="nm_nome" id="7BF00A24-8179-CD19-BD2A-A2891F725F93">
<createdBy>User</createdBy>
<createdTime>2022-10-05 00:10:05 UTC</createdTime>
<ownerDesignName>Modelagem_Banco_de_Dados</ownerDesignName>
<useDomainConstraints>false</useDomainConstraints>
<use>1</use>
<logicalDatatype>LOGDT025</logicalDatatype>
<dataTypeSize>30</dataTypeSize>
<ownDataTypeParameters>30,,</ownDataTypeParameters>
<autoIncrementCycle>false</autoIncrementCycle>
</Column>
<Column name="ds_tipo_dispositivo" id="E90F73A0-E4E2-6272-19E6-E38F14604DAE">
<createdBy>User</createdBy>
<createdTime>2022-10-05 00:10:20 UTC</createdTime>
<ownerDesignName>Modelagem_Banco_de_Dados</ownerDesignName>
<useDomainConstraints>false</useDomainConstraints>
<use>1</use>
<logicalDatatype>LOGDT025</logicalDatatype>
<dataTypeSize>30</dataTypeSize>
<ownDataTypeParameters>30,,</ownDataTypeParameters>
<autoIncrementCycle>false</autoIncrementCycle>
</Column>
<Column name="st_status" id="8B4BA1F9-EB52-4929-F913-1AB07A20B9E2">
<createdBy>User</createdBy>
<createdTime>2022-10-05 00:10:29 UTC</createdTime>
<ownerDesignName>Modelagem_Banco_de_Dados</ownerDesignName>
<useDomainConstraints>false</useDomainConstraints>
<use>1</use>
<logicalDatatype>LOGDT006</logicalDatatype>
<dataTypeSize>1</dataTypeSize>
<ownDataTypeParameters>1,,</ownDataTypeParameters>
<autoIncrementCycle>false</autoIncrementCycle>
</Column>
</columns>
<indexes itemClass="oracle.dbtools.crest.model.design.relational.Index">
<ind_PK_UK id="4107C79E-EDE2-727B-58C0-B17C45B5AB5C" name="T_ASSIST_PESSOAL_PK">
<createdBy>User</createdBy>
<createdTime>2022-10-05 00:09:55 UTC</createdTime>
<ownerDesignName>Modelagem_Banco_de_Dados</ownerDesignName>
<pk>true</pk>
<indexState>Primary Constraint</indexState>
<isSurrogateKey>false</isSurrogateKey>
<indexColumnUsage>
<colUsage columnID="E693A7C8-8E54-BD28-9C62-758F6E9E2572"/>
</indexColumnUsage>
</ind_PK_UK>
</indexes>
</Table>
