<?xml version = '1.0' encoding = 'UTF-8'?>
<Table class="oracle.dbtools.crest.model.design.relational.Table" directorySegmentName="seg_0" id="FBF5B7A9-D24E-AF0B-FC94-1DE88B7458A2" name="T_PORTAO">
<createdBy>User</createdBy>
<createdTime>2022-10-04 23:58:56 UTC</createdTime>
<ownerDesignName>Modelagem_Banco_de_Dados</ownerDesignName>
<ordsAlias>table_1</ordsAlias>
<allowColumnReorder>false</allowColumnReorder>
<existDependencyGenerateInDDl>true</existDependencyGenerateInDDl>
<parsed>true</parsed>
<columns itemClass="oracle.dbtools.crest.model.design.relational.Column">
<Column name="id" id="7C61A275-282B-D548-5A97-A0F05F2BF63E">
<createdBy>User</createdBy>
<createdTime>2022-10-04 23:59:45 UTC</createdTime>
<ownerDesignName>Modelagem_Banco_de_Dados</ownerDesignName>
<useDomainConstraints>false</useDomainConstraints>
<use>1</use>
<logicalDatatype>LOGDT019</logicalDatatype>
<ownDataTypeParameters>,,</ownDataTypeParameters>
<autoIncrementCycle>false</autoIncrementCycle>
</Column>
<Column name="nm_nome" id="A364D6AE-DC30-8A02-F7AF-42B5C25E73DC">
<createdBy>User</createdBy>
<createdTime>2022-10-05 00:00:41 UTC</createdTime>
<ownerDesignName>Modelagem_Banco_de_Dados</ownerDesignName>
<useDomainConstraints>false</useDomainConstraints>
<use>1</use>
<logicalDatatype>LOGDT025</logicalDatatype>
<dataTypeSize>30</dataTypeSize>
<ownDataTypeParameters>30,,</ownDataTypeParameters>
<autoIncrementCycle>false</autoIncrementCycle>
</Column>
<Column name="ds_endereco" id="6E5280A3-8E7C-9296-50FB-D7E147CFB3F6">
<createdBy>User</createdBy>
<createdTime>2022-10-05 00:01:23 UTC</createdTime>
<ownerDesignName>Modelagem_Banco_de_Dados</ownerDesignName>
<useDomainConstraints>false</useDomainConstraints>
<use>1</use>
<logicalDatatype>LOGDT025</logicalDatatype>
<dataTypeSize>30</dataTypeSize>
<ownDataTypeParameters>30,,</ownDataTypeParameters>
<autoIncrementCycle>false</autoIncrementCycle>
</Column>
<Column name="cd_abertura" id="8DD72CF3-F1BB-19F1-8DB5-F0F995968284">
<createdBy>User</createdBy>
<createdTime>2022-10-05 00:01:44 UTC</createdTime>
<ownerDesignName>Modelagem_Banco_de_Dados</ownerDesignName>
<useDomainConstraints>false</useDomainConstraints>
<use>1</use>
<logicalDatatype>LOGDT025</logicalDatatype>
<dataTypeSize>15</dataTypeSize>
<ownDataTypeParameters>15,,</ownDataTypeParameters>
<autoIncrementCycle>false</autoIncrementCycle>
</Column>
<Column name="st_abertura" id="12FBA17D-8547-A99C-8839-5BB4876FBC02">
<createdBy>User</createdBy>
<createdTime>2022-10-05 00:01:57 UTC</createdTime>
<ownerDesignName>Modelagem_Banco_de_Dados</ownerDesignName>
<useDomainConstraints>false</useDomainConstraints>
<use>1</use>
<logicalDatatype>LOGDT006</logicalDatatype>
<ownDataTypeParameters>,,</ownDataTypeParameters>
<autoIncrementCycle>false</autoIncrementCycle>
</Column>
</columns>
<indexes itemClass="oracle.dbtools.crest.model.design.relational.Index">
<ind_PK_UK id="14E0F25D-54FD-87F1-2A7D-39FB38865975" name="PORTÃO_PK">
<createdBy>User</createdBy>
<createdTime>2022-10-04 23:59:45 UTC</createdTime>
<ownerDesignName>Modelagem_Banco_de_Dados</ownerDesignName>
<pk>true</pk>
<indexState>Primary Constraint</indexState>
<isSurrogateKey>false</isSurrogateKey>
<indexColumnUsage>
<colUsage columnID="7C61A275-282B-D548-5A97-A0F05F2BF63E"/>
</indexColumnUsage>
</ind_PK_UK>
</indexes>
</Table>
